fuzzer,protocol,seed,mutant,time,result
echidna,uniswap-v2,0,01,2978,1
foundry,uniswap-v2,0,01,26,1
echidna,uniswap-v2,0,02,86401,1
foundry,uniswap-v2,0,02,3473,1
foundry,uniswap-v2,0,03,22,1
echidna,uniswap-v2,0,03,479,1
echidna,uniswap-v2,0,04,9881,1
foundry,uniswap-v2,0,04,25833,0
echidna,uniswap-v2,0,05,86401,124
foundry,uniswap-v2,0,05,6971,1
foundry,uniswap-v2,0,06,20,1
echidna,uniswap-v2,0,06,401,1
foundry,uniswap-v2,0,07,23,1
echidna,uniswap-v2,0,07,122,1
echidna,uniswap-v2,0,08,318,1
foundry,uniswap-v2,0,08,24,1
echidna,uniswap-v2,0,09,849,1
foundry,uniswap-v2,0,09,22,1
echidna,uniswap-v2,0,10,86401,124
foundry,uniswap-v2,0,10,18508,1
foundry,uniswap-v2,0,11,7,1
echidna,uniswap-v2,0,11,98,1
foundry,uniswap-v2,0,12,8678,1
echidna,uniswap-v2,0,12,86400,124
foundry,uniswap-v2,1,01,21,1
echidna,uniswap-v2,1,01,157,1
echidna,uniswap-v2,1,02,86401,1
foundry,uniswap-v2,1,02,2006,1
echidna,uniswap-v2,1,03,168,1
foundry,uniswap-v2,1,03,20,1
echidna,uniswap-v2,1,04,86401,124
foundry,uniswap-v2,1,04,22723,1
echidna,uniswap-v2,1,05,86401,124
foundry,uniswap-v2,1,05,25960,0
foundry,uniswap-v2,1,06,21,1
echidna,uniswap-v2,1,06,134,1
foundry,uniswap-v2,1,07,21,1
echidna,uniswap-v2,1,07,1457,1
foundry,uniswap-v2,1,08,20,1
echidna,uniswap-v2,1,08,261,1
foundry,uniswap-v2,1,09,21,1
echidna,uniswap-v2,1,09,905,1
foundry,uniswap-v2,1,10,742,1
echidna,uniswap-v2,1,10,86401,124
foundry,uniswap-v2,1,11,8,1
echidna,uniswap-v2,1,11,104,1
echidna,uniswap-v2,1,12,86401,124
foundry,uniswap-v2,1,12,216,1
echidna,uniswap-v2,101051993584849178915136821395265346177868384823507754984078593667947067386055,01,323,1
foundry,uniswap-v2,101051993584849178915136821395265346177868384823507754984078593667947067386055,01,11,1
echidna,uniswap-v2,101051993584849178915136821395265346177868384823507754984078593667947067386055,02,162,1
foundry,uniswap-v2,101051993584849178915136821395265346177868384823507754984078593667947067386055,02,76,1
foundry,uniswap-v2,101051993584849178915136821395265346177868384823507754984078593667947067386055,03,7,1
echidna,uniswap-v2,101051993584849178915136821395265346177868384823507754984078593667947067386055,03,166,1
foundry,uniswap-v2,101051993584849178915136821395265346177868384823507754984078593667947067386055,04,27429,0
echidna,uniswap-v2,101051993584849178915136821395265346177868384823507754984078593667947067386055,04,159,1
echidna,uniswap-v2,101051993584849178915136821395265346177868384823507754984078593667947067386055,05,161,1
foundry,uniswap-v2,101051993584849178915136821395265346177868384823507754984078593667947067386055,05,25823,1
echidna,uniswap-v2,101051993584849178915136821395265346177868384823507754984078593667947067386055,06,148,1
foundry,uniswap-v2,101051993584849178915136821395265346177868384823507754984078593667947067386055,06,8,1
foundry,uniswap-v2,101051993584849178915136821395265346177868384823507754984078593667947067386055,07,8,1
echidna,uniswap-v2,101051993584849178915136821395265346177868384823507754984078593667947067386055,07,154,1
foundry,uniswap-v2,101051993584849178915136821395265346177868384823507754984078593667947067386055,08,8,1
echidna,uniswap-v2,101051993584849178915136821395265346177868384823507754984078593667947067386055,08,154,1
foundry,uniswap-v2,101051993584849178915136821395265346177868384823507754984078593667947067386055,09,7,1
echidna,uniswap-v2,101051993584849178915136821395265346177868384823507754984078593667947067386055,09,147,1
foundry,uniswap-v2,101051993584849178915136821395265346177868384823507754984078593667947067386055,10,1953,1
echidna,uniswap-v2,101051993584849178915136821395265346177868384823507754984078593667947067386055,10,5938,1
echidna,uniswap-v2,101051993584849178915136821395265346177868384823507754984078593667947067386055,11,127,1
foundry,uniswap-v2,101051993584849178915136821395265346177868384823507754984078593667947067386055,11,8,1
foundry,uniswap-v2,101051993584849178915136821395265346177868384823507754984078593667947067386055,12,34,1
echidna,uniswap-v2,101051993584849178915136821395265346177868384823507754984078593667947067386055,12,4514,1
echidna,uniswap-v2,110349606679412691172957834289542550319383271247755660854362242977991410020067,01,141,1
foundry,uniswap-v2,110349606679412691172957834289542550319383271247755660854362242977991410020067,01,7,1
echidna,uniswap-v2,110349606679412691172957834289542550319383271247755660854362242977991410020067,02,137,1
foundry,uniswap-v2,110349606679412691172957834289542550319383271247755660854362242977991410020067,02,295,1
echidna,uniswap-v2,110349606679412691172957834289542550319383271247755660854362242977991410020067,03,143,1
foundry,uniswap-v2,110349606679412691172957834289542550319383271247755660854362242977991410020067,03,7,1
echidna,uniswap-v2,110349606679412691172957834289542550319383271247755660854362242977991410020067,04,137,1
foundry,uniswap-v2,110349606679412691172957834289542550319383271247755660854362242977991410020067,04,526,1
echidna,uniswap-v2,110349606679412691172957834289542550319383271247755660854362242977991410020067,05,141,1
foundry,uniswap-v2,110349606679412691172957834289542550319383271247755660854362242977991410020067,05,7184,1
foundry,uniswap-v2,110349606679412691172957834289542550319383271247755660854362242977991410020067,06,6,1
echidna,uniswap-v2,110349606679412691172957834289542550319383271247755660854362242977991410020067,06,132,1
echidna,uniswap-v2,110349606679412691172957834289542550319383271247755660854362242977991410020067,07,136,1
foundry,uniswap-v2,110349606679412691172957834289542550319383271247755660854362242977991410020067,07,8,1
foundry,uniswap-v2,110349606679412691172957834289542550319383271247755660854362242977991410020067,08,6,1
echidna,uniswap-v2,110349606679412691172957834289542550319383271247755660854362242977991410020067,08,135,1
foundry,uniswap-v2,110349606679412691172957834289542550319383271247755660854362242977991410020067,09,8,1
echidna,uniswap-v2,110349606679412691172957834289542550319383271247755660854362242977991410020067,09,125,1
echidna,uniswap-v2,110349606679412691172957834289542550319383271247755660854362242977991410020067,10,3242,1
foundry,uniswap-v2,110349606679412691172957834289542550319383271247755660854362242977991410020067,10,16257,1
echidna,uniswap-v2,110349606679412691172957834289542550319383271247755660854362242977991410020067,11,98,1
foundry,uniswap-v2,110349606679412691172957834289542550319383271247755660854362242977991410020067,11,6,1
echidna,uniswap-v2,110349606679412691172957834289542550319383271247755660854362242977991410020067,12,1218,1
foundry,uniswap-v2,110349606679412691172957834289542550319383271247755660854362242977991410020067,12,2215,1
echidna,uniswap-v2,111414077815863400510004064629973595961579173665589224203503662149373724986687,01,1144,1
foundry,uniswap-v2,111414077815863400510004064629973595961579173665589224203503662149373724986687,01,22,1
echidna,uniswap-v2,111414077815863400510004064629973595961579173665589224203503662149373724986687,02,135,1
foundry,uniswap-v2,111414077815863400510004064629973595961579173665589224203503662149373724986687,02,12466,1
foundry,uniswap-v2,111414077815863400510004064629973595961579173665589224203503662149373724986687,03,7,1
echidna,uniswap-v2,111414077815863400510004064629973595961579173665589224203503662149373724986687,03,139,1
echidna,uniswap-v2,111414077815863400510004064629973595961579173665589224203503662149373724986687,04,135,1
foundry,uniswap-v2,111414077815863400510004064629973595961579173665589224203503662149373724986687,04,5693,1
foundry,uniswap-v2,111414077815863400510004064629973595961579173665589224203503662149373724986687,05,13248,1
echidna,uniswap-v2,111414077815863400510004064629973595961579173665589224203503662149373724986687,05,135,1
foundry,uniswap-v2,111414077815863400510004064629973595961579173665589224203503662149373724986687,06,6,1
echidna,uniswap-v2,111414077815863400510004064629973595961579173665589224203503662149373724986687,06,132,1
echidna,uniswap-v2,111414077815863400510004064629973595961579173665589224203503662149373724986687,07,125,1
foundry,uniswap-v2,111414077815863400510004064629973595961579173665589224203503662149373724986687,07,7,1
foundry,uniswap-v2,111414077815863400510004064629973595961579173665589224203503662149373724986687,08,7,1
echidna,uniswap-v2,111414077815863400510004064629973595961579173665589224203503662149373724986687,08,123,1
foundry,uniswap-v2,111414077815863400510004064629973595961579173665589224203503662149373724986687,09,7,1
echidna,uniswap-v2,111414077815863400510004064629973595961579173665589224203503662149373724986687,09,119,1
echidna,uniswap-v2,111414077815863400510004064629973595961579173665589224203503662149373724986687,10,76827,1
foundry,uniswap-v2,111414077815863400510004064629973595961579173665589224203503662149373724986687,10,6647,1
foundry,uniswap-v2,111414077815863400510004064629973595961579173665589224203503662149373724986687,11,9,1
echidna,uniswap-v2,111414077815863400510004064629973595961579173665589224203503662149373724986687,11,118,1
foundry,uniswap-v2,111414077815863400510004064629973595961579173665589224203503662149373724986687,12,3377,1
echidna,uniswap-v2,111414077815863400510004064629973595961579173665589224203503662149373724986687,12,10198,1
echidna,uniswap-v2,12396694973890998440467380340983585058878106250672390494374587083972727727730,01,304,1
foundry,uniswap-v2,12396694973890998440467380340983585058878106250672390494374587083972727727730,01,20,1
echidna,uniswap-v2,12396694973890998440467380340983585058878106250672390494374587083972727727730,02,124,1
foundry,uniswap-v2,12396694973890998440467380340983585058878106250672390494374587083972727727730,02,16064,1
foundry,uniswap-v2,12396694973890998440467380340983585058878106250672390494374587083972727727730,03,8,1
echidna,uniswap-v2,12396694973890998440467380340983585058878106250672390494374587083972727727730,03,129,1
foundry,uniswap-v2,12396694973890998440467380340983585058878106250672390494374587083972727727730,04,1114,1
echidna,uniswap-v2,12396694973890998440467380340983585058878106250672390494374587083972727727730,04,125,1
foundry,uniswap-v2,12396694973890998440467380340983585058878106250672390494374587083972727727730,05,923,1
echidna,uniswap-v2,12396694973890998440467380340983585058878106250672390494374587083972727727730,05,125,1
foundry,uniswap-v2,12396694973890998440467380340983585058878106250672390494374587083972727727730,06,6,1
echidna,uniswap-v2,12396694973890998440467380340983585058878106250672390494374587083972727727730,06,119,1
echidna,uniswap-v2,12396694973890998440467380340983585058878106250672390494374587083972727727730,07,119,1
foundry,uniswap-v2,12396694973890998440467380340983585058878106250672390494374587083972727727730,07,7,1
echidna,uniswap-v2,12396694973890998440467380340983585058878106250672390494374587083972727727730,08,116,1
foundry,uniswap-v2,12396694973890998440467380340983585058878106250672390494374587083972727727730,08,7,1
foundry,uniswap-v2,12396694973890998440467380340983585058878106250672390494374587083972727727730,09,8,1
echidna,uniswap-v2,12396694973890998440467380340983585058878106250672390494374587083972727727730,09,115,1
echidna,uniswap-v2,12396694973890998440467380340983585058878106250672390494374587083972727727730,10,8987,1
foundry,uniswap-v2,12396694973890998440467380340983585058878106250672390494374587083972727727730,10,26634,0
echidna,uniswap-v2,12396694973890998440467380340983585058878106250672390494374587083972727727730,11,95,1
foundry,uniswap-v2,12396694973890998440467380340983585058878106250672390494374587083972727727730,11,8,1
echidna,uniswap-v2,12396694973890998440467380340983585058878106250672390494374587083972727727730,12,80417,1
foundry,uniswap-v2,12396694973890998440467380340983585058878106250672390494374587083972727727730,12,641,1
echidna,uniswap-v2,1546678032441257452667456735582814959992782782816731922691272282333561699760,01,56,1
foundry,uniswap-v2,1546678032441257452667456735582814959992782782816731922691272282333561699760,01,23,1
echidna,uniswap-v2,1546678032441257452667456735582814959992782782816731922691272282333561699760,02,86401,1
foundry,uniswap-v2,1546678032441257452667456735582814959992782782816731922691272282333561699760,02,19117,1
foundry,uniswap-v2,1546678032441257452667456735582814959992782782816731922691272282333561699760,03,22,1
echidna,uniswap-v2,1546678032441257452667456735582814959992782782816731922691272282333561699760,03,221,1
echidna,uniswap-v2,1546678032441257452667456735582814959992782782816731922691272282333561699760,04,78228,1
foundry,uniswap-v2,1546678032441257452667456735582814959992782782816731922691272282333561699760,04,10421,1
echidna,uniswap-v2,1546678032441257452667456735582814959992782782816731922691272282333561699760,05,86400,124
foundry,uniswap-v2,1546678032441257452667456735582814959992782782816731922691272282333561699760,05,4325,1
echidna,uniswap-v2,1546678032441257452667456735582814959992782782816731922691272282333561699760,06,112,1
foundry,uniswap-v2,1546678032441257452667456735582814959992782782816731922691272282333561699760,06,22,1
foundry,uniswap-v2,1546678032441257452667456735582814959992782782816731922691272282333561699760,07,21,1
echidna,uniswap-v2,1546678032441257452667456735582814959992782782816731922691272282333561699760,07,108,1
echidna,uniswap-v2,1546678032441257452667456735582814959992782782816731922691272282333561699760,08,204,1
foundry,uniswap-v2,1546678032441257452667456735582814959992782782816731922691272282333561699760,08,21,1
echidna,uniswap-v2,1546678032441257452667456735582814959992782782816731922691272282333561699760,09,251,1
foundry,uniswap-v2,1546678032441257452667456735582814959992782782816731922691272282333561699760,09,25,1
echidna,uniswap-v2,1546678032441257452667456735582814959992782782816731922691272282333561699760,10,86400,124
foundry,uniswap-v2,1546678032441257452667456735582814959992782782816731922691272282333561699760,10,8791,1
foundry,uniswap-v2,1546678032441257452667456735582814959992782782816731922691272282333561699760,11,7,1
echidna,uniswap-v2,1546678032441257452667456735582814959992782782816731922691272282333561699760,11,92,1
echidna,uniswap-v2,1546678032441257452667456735582814959992782782816731922691272282333561699760,12,86401,124
foundry,uniswap-v2,1546678032441257452667456735582814959992782782816731922691272282333561699760,12,5058,1
echidna,uniswap-v2,18569430475105882587588266137607568536673111973893317399460219858819262702947,01,1634,1
foundry,uniswap-v2,18569430475105882587588266137607568536673111973893317399460219858819262702947,01,20,1
echidna,uniswap-v2,18569430475105882587588266137607568536673111973893317399460219858819262702947,02,141,1
foundry,uniswap-v2,18569430475105882587588266137607568536673111973893317399460219858819262702947,02,24383,1
foundry,uniswap-v2,18569430475105882587588266137607568536673111973893317399460219858819262702947,03,9,1
echidna,uniswap-v2,18569430475105882587588266137607568536673111973893317399460219858819262702947,03,146,1
foundry,uniswap-v2,18569430475105882587588266137607568536673111973893317399460219858819262702947,04,777,1
echidna,uniswap-v2,18569430475105882587588266137607568536673111973893317399460219858819262702947,04,141,1
echidna,uniswap-v2,18569430475105882587588266137607568536673111973893317399460219858819262702947,05,143,1
foundry,uniswap-v2,18569430475105882587588266137607568536673111973893317399460219858819262702947,05,12574,1
echidna,uniswap-v2,18569430475105882587588266137607568536673111973893317399460219858819262702947,06,127,1
foundry,uniswap-v2,18569430475105882587588266137607568536673111973893317399460219858819262702947,06,8,1
foundry,uniswap-v2,18569430475105882587588266137607568536673111973893317399460219858819262702947,07,11,1
echidna,uniswap-v2,18569430475105882587588266137607568536673111973893317399460219858819262702947,07,136,1
echidna,uniswap-v2,18569430475105882587588266137607568536673111973893317399460219858819262702947,08,130,1
foundry,uniswap-v2,18569430475105882587588266137607568536673111973893317399460219858819262702947,08,7,1
foundry,uniswap-v2,18569430475105882587588266137607568536673111973893317399460219858819262702947,09,7,1
echidna,uniswap-v2,18569430475105882587588266137607568536673111973893317399460219858819262702947,09,121,1
echidna,uniswap-v2,18569430475105882587588266137607568536673111973893317399460219858819262702947,10,10348,1
foundry,uniswap-v2,18569430475105882587588266137607568536673111973893317399460219858819262702947,10,28214,0
echidna,uniswap-v2,18569430475105882587588266137607568536673111973893317399460219858819262702947,11,103,1
foundry,uniswap-v2,18569430475105882587588266137607568536673111973893317399460219858819262702947,11,6,1
echidna,uniswap-v2,18569430475105882587588266137607568536673111973893317399460219858819262702947,12,77182,1
foundry,uniswap-v2,18569430475105882587588266137607568536673111973893317399460219858819262702947,12,269,1
echidna,uniswap-v2,2,01,810,1
foundry,uniswap-v2,2,01,22,1
foundry,uniswap-v2,2,02,1700,1
echidna,uniswap-v2,2,02,123,1
echidna,uniswap-v2,2,03,119,1
foundry,uniswap-v2,2,03,6,1
echidna,uniswap-v2,2,04,114,1
foundry,uniswap-v2,2,04,1737,1
foundry,uniswap-v2,2,05,13201,1
echidna,uniswap-v2,2,05,115,1
foundry,uniswap-v2,2,06,6,1
echidna,uniswap-v2,2,06,105,1
echidna,uniswap-v2,2,07,111,1
foundry,uniswap-v2,2,07,6,1
echidna,uniswap-v2,2,08,101,1
foundry,uniswap-v2,2,08,8,1
echidna,uniswap-v2,2,09,90,1
foundry,uniswap-v2,2,09,11,1
foundry,uniswap-v2,2,10,12382,1
echidna,uniswap-v2,2,10,57984,1
echidna,uniswap-v2,2,11,86,1
foundry,uniswap-v2,2,11,9,1
foundry,uniswap-v2,2,12,358,1
echidna,uniswap-v2,2,12,86400,124
echidna,uniswap-v2,22581645139872629890233439717971975110198959689450188087151966948260709403752,01,1233,1
foundry,uniswap-v2,22581645139872629890233439717971975110198959689450188087151966948260709403752,01,8,1
foundry,uniswap-v2,22581645139872629890233439717971975110198959689450188087151966948260709403752,02,299,1
echidna,uniswap-v2,22581645139872629890233439717971975110198959689450188087151966948260709403752,02,168,1
echidna,uniswap-v2,22581645139872629890233439717971975110198959689450188087151966948260709403752,03,174,1
foundry,uniswap-v2,22581645139872629890233439717971975110198959689450188087151966948260709403752,03,7,1
echidna,uniswap-v2,22581645139872629890233439717971975110198959689450188087151966948260709403752,04,170,1
foundry,uniswap-v2,22581645139872629890233439717971975110198959689450188087151966948260709403752,04,7506,1
echidna,uniswap-v2,22581645139872629890233439717971975110198959689450188087151966948260709403752,05,169,1
foundry,uniswap-v2,22581645139872629890233439717971975110198959689450188087151966948260709403752,05,382,1
echidna,uniswap-v2,22581645139872629890233439717971975110198959689450188087151966948260709403752,06,160,1
foundry,uniswap-v2,22581645139872629890233439717971975110198959689450188087151966948260709403752,06,8,1
foundry,uniswap-v2,22581645139872629890233439717971975110198959689450188087151966948260709403752,07,8,1
echidna,uniswap-v2,22581645139872629890233439717971975110198959689450188087151966948260709403752,07,164,1
foundry,uniswap-v2,22581645139872629890233439717971975110198959689450188087151966948260709403752,08,9,1
echidna,uniswap-v2,22581645139872629890233439717971975110198959689450188087151966948260709403752,08,157,1
echidna,uniswap-v2,22581645139872629890233439717971975110198959689450188087151966948260709403752,09,155,1
foundry,uniswap-v2,22581645139872629890233439717971975110198959689450188087151966948260709403752,09,9,1
foundry,uniswap-v2,22581645139872629890233439717971975110198959689450188087151966948260709403752,10,1041,1
echidna,uniswap-v2,22581645139872629890233439717971975110198959689450188087151966948260709403752,10,5490,1
foundry,uniswap-v2,22581645139872629890233439717971975110198959689450188087151966948260709403752,11,8,1
echidna,uniswap-v2,22581645139872629890233439717971975110198959689450188087151966948260709403752,11,137,1
echidna,uniswap-v2,22581645139872629890233439717971975110198959689450188087151966948260709403752,12,19818,1
foundry,uniswap-v2,22581645139872629890233439717971975110198959689450188087151966948260709403752,12,426,1
foundry,uniswap-v2,29102676481673041902632991033461445430619272659676223336789171408008386403022,01,6,1
echidna,uniswap-v2,29102676481673041902632991033461445430619272659676223336789171408008386403022,01,131,1
foundry,uniswap-v2,29102676481673041902632991033461445430619272659676223336789171408008386403022,02,16,1
echidna,uniswap-v2,29102676481673041902632991033461445430619272659676223336789171408008386403022,02,128,1
echidna,uniswap-v2,29102676481673041902632991033461445430619272659676223336789171408008386403022,03,131,1
foundry,uniswap-v2,29102676481673041902632991033461445430619272659676223336789171408008386403022,03,7,1
foundry,uniswap-v2,29102676481673041902632991033461445430619272659676223336789171408008386403022,04,5543,1
echidna,uniswap-v2,29102676481673041902632991033461445430619272659676223336789171408008386403022,04,128,1
foundry,uniswap-v2,29102676481673041902632991033461445430619272659676223336789171408008386403022,05,21285,1
echidna,uniswap-v2,29102676481673041902632991033461445430619272659676223336789171408008386403022,05,126,1
echidna,uniswap-v2,29102676481673041902632991033461445430619272659676223336789171408008386403022,06,112,1
foundry,uniswap-v2,29102676481673041902632991033461445430619272659676223336789171408008386403022,06,6,1
echidna,uniswap-v2,29102676481673041902632991033461445430619272659676223336789171408008386403022,07,113,1
foundry,uniswap-v2,29102676481673041902632991033461445430619272659676223336789171408008386403022,07,6,1
echidna,uniswap-v2,29102676481673041902632991033461445430619272659676223336789171408008386403022,08,114,1
foundry,uniswap-v2,29102676481673041902632991033461445430619272659676223336789171408008386403022,08,6,1
foundry,uniswap-v2,29102676481673041902632991033461445430619272659676223336789171408008386403022,09,7,1
echidna,uniswap-v2,29102676481673041902632991033461445430619272659676223336789171408008386403022,09,112,1
echidna,uniswap-v2,29102676481673041902632991033461445430619272659676223336789171408008386403022,10,8859,1
foundry,uniswap-v2,29102676481673041902632991033461445430619272659676223336789171408008386403022,10,267,1
foundry,uniswap-v2,29102676481673041902632991033461445430619272659676223336789171408008386403022,11,7,1
echidna,uniswap-v2,29102676481673041902632991033461445430619272659676223336789171408008386403022,11,97,1
foundry,uniswap-v2,29102676481673041902632991033461445430619272659676223336789171408008386403022,12,324,1
echidna,uniswap-v2,29102676481673041902632991033461445430619272659676223336789171408008386403022,12,19024,1
echidna,uniswap-v2,38878206584692966203415385907871375197469080758325516314230789535345649042549,01,120,1
foundry,uniswap-v2,38878206584692966203415385907871375197469080758325516314230789535345649042549,01,9,1
foundry,uniswap-v2,38878206584692966203415385907871375197469080758325516314230789535345649042549,02,2204,1
echidna,uniswap-v2,38878206584692966203415385907871375197469080758325516314230789535345649042549,02,113,1
echidna,uniswap-v2,38878206584692966203415385907871375197469080758325516314230789535345649042549,03,116,1
foundry,uniswap-v2,38878206584692966203415385907871375197469080758325516314230789535345649042549,03,9,1
foundry,uniswap-v2,38878206584692966203415385907871375197469080758325516314230789535345649042549,04,758,1
echidna,uniswap-v2,38878206584692966203415385907871375197469080758325516314230789535345649042549,04,113,1
echidna,uniswap-v2,38878206584692966203415385907871375197469080758325516314230789535345649042549,05,121,1
foundry,uniswap-v2,38878206584692966203415385907871375197469080758325516314230789535345649042549,05,573,1
echidna,uniswap-v2,38878206584692966203415385907871375197469080758325516314230789535345649042549,06,109,1
foundry,uniswap-v2,38878206584692966203415385907871375197469080758325516314230789535345649042549,06,8,1
echidna,uniswap-v2,38878206584692966203415385907871375197469080758325516314230789535345649042549,07,105,1
foundry,uniswap-v2,38878206584692966203415385907871375197469080758325516314230789535345649042549,07,7,1
echidna,uniswap-v2,38878206584692966203415385907871375197469080758325516314230789535345649042549,08,106,1
foundry,uniswap-v2,38878206584692966203415385907871375197469080758325516314230789535345649042549,08,6,1
foundry,uniswap-v2,38878206584692966203415385907871375197469080758325516314230789535345649042549,09,8,1
echidna,uniswap-v2,38878206584692966203415385907871375197469080758325516314230789535345649042549,09,104,1
foundry,uniswap-v2,38878206584692966203415385907871375197469080758325516314230789535345649042549,10,34,1
echidna,uniswap-v2,38878206584692966203415385907871375197469080758325516314230789535345649042549,10,101,1
echidna,uniswap-v2,38878206584692966203415385907871375197469080758325516314230789535345649042549,11,95,1
foundry,uniswap-v2,38878206584692966203415385907871375197469080758325516314230789535345649042549,11,7,1
foundry,uniswap-v2,38878206584692966203415385907871375197469080758325516314230789535345649042549,12,1365,1
echidna,uniswap-v2,38878206584692966203415385907871375197469080758325516314230789535345649042549,12,59589,1
echidna,uniswap-v2,46529144392117707452946260303848603952187628831689540306122340668716214558864,01,723,1
foundry,uniswap-v2,46529144392117707452946260303848603952187628831689540306122340668716214558864,01,23,1
echidna,uniswap-v2,46529144392117707452946260303848603952187628831689540306122340668716214558864,02,86401,124
foundry,uniswap-v2,46529144392117707452946260303848603952187628831689540306122340668716214558864,02,5466,1
foundry,uniswap-v2,46529144392117707452946260303848603952187628831689540306122340668716214558864,03,22,1
echidna,uniswap-v2,46529144392117707452946260303848603952187628831689540306122340668716214558864,03,147,1
foundry,uniswap-v2,46529144392117707452946260303848603952187628831689540306122340668716214558864,04,5742,1
echidna,uniswap-v2,46529144392117707452946260303848603952187628831689540306122340668716214558864,04,86400,124
foundry,uniswap-v2,46529144392117707452946260303848603952187628831689540306122340668716214558864,05,1851,1
echidna,uniswap-v2,46529144392117707452946260303848603952187628831689540306122340668716214558864,05,86401,124
echidna,uniswap-v2,46529144392117707452946260303848603952187628831689540306122340668716214558864,06,124,1
foundry,uniswap-v2,46529144392117707452946260303848603952187628831689540306122340668716214558864,06,6,1
foundry,uniswap-v2,46529144392117707452946260303848603952187628831689540306122340668716214558864,07,7,1
echidna,uniswap-v2,46529144392117707452946260303848603952187628831689540306122340668716214558864,07,129,1
echidna,uniswap-v2,46529144392117707452946260303848603952187628831689540306122340668716214558864,08,119,1
foundry,uniswap-v2,46529144392117707452946260303848603952187628831689540306122340668716214558864,08,7,1
echidna,uniswap-v2,46529144392117707452946260303848603952187628831689540306122340668716214558864,09,452,1
foundry,uniswap-v2,46529144392117707452946260303848603952187628831689540306122340668716214558864,09,6,1
echidna,uniswap-v2,46529144392117707452946260303848603952187628831689540306122340668716214558864,10,86400,124
foundry,uniswap-v2,46529144392117707452946260303848603952187628831689540306122340668716214558864,10,2405,1
foundry,uniswap-v2,46529144392117707452946260303848603952187628831689540306122340668716214558864,11,8,1
echidna,uniswap-v2,46529144392117707452946260303848603952187628831689540306122340668716214558864,11,98,1
echidna,uniswap-v2,46529144392117707452946260303848603952187628831689540306122340668716214558864,12,86400,124
foundry,uniswap-v2,46529144392117707452946260303848603952187628831689540306122340668716214558864,12,92,1
echidna,uniswap-v2,49791959467252497455735130940088646708311117250336157395101362029847983277999,01,1767,1
foundry,uniswap-v2,49791959467252497455735130940088646708311117250336157395101362029847983277999,01,24,1
foundry,uniswap-v2,49791959467252497455735130940088646708311117250336157395101362029847983277999,02,4600,137
echidna,uniswap-v2,49791959467252497455735130940088646708311117250336157395101362029847983277999,02,23989,1
foundry,uniswap-v2,49791959467252497455735130940088646708311117250336157395101362029847983277999,03,19,1
echidna,uniswap-v2,49791959467252497455735130940088646708311117250336157395101362029847983277999,03,140,1
echidna,uniswap-v2,49791959467252497455735130940088646708311117250336157395101362029847983277999,04,86400,124
foundry,uniswap-v2,49791959467252497455735130940088646708311117250336157395101362029847983277999,04,479,1
foundry,uniswap-v2,49791959467252497455735130940088646708311117250336157395101362029847983277999,05,2977,1
echidna,uniswap-v2,49791959467252497455735130940088646708311117250336157395101362029847983277999,05,37994,1
echidna,uniswap-v2,49791959467252497455735130940088646708311117250336157395101362029847983277999,06,108,1
foundry,uniswap-v2,49791959467252497455735130940088646708311117250336157395101362029847983277999,06,6,1
echidna,uniswap-v2,49791959467252497455735130940088646708311117250336157395101362029847983277999,07,110,1
foundry,uniswap-v2,49791959467252497455735130940088646708311117250336157395101362029847983277999,07,6,1
echidna,uniswap-v2,49791959467252497455735130940088646708311117250336157395101362029847983277999,08,106,1
foundry,uniswap-v2,49791959467252497455735130940088646708311117250336157395101362029847983277999,08,7,1
foundry,uniswap-v2,49791959467252497455735130940088646708311117250336157395101362029847983277999,09,9,1
echidna,uniswap-v2,49791959467252497455735130940088646708311117250336157395101362029847983277999,09,91,1
foundry,uniswap-v2,49791959467252497455735130940088646708311117250336157395101362029847983277999,10,3903,1
echidna,uniswap-v2,49791959467252497455735130940088646708311117250336157395101362029847983277999,10,86401,124
foundry,uniswap-v2,49791959467252497455735130940088646708311117250336157395101362029847983277999,11,7,1
echidna,uniswap-v2,49791959467252497455735130940088646708311117250336157395101362029847983277999,11,90,1
echidna,uniswap-v2,49791959467252497455735130940088646708311117250336157395101362029847983277999,12,86400,124
foundry,uniswap-v2,49791959467252497455735130940088646708311117250336157395101362029847983277999,12,68,1
foundry,uniswap-v2,62514009886607029107290561805838585334079798074568712924583230797734656856475,01,21,1
echidna,uniswap-v2,62514009886607029107290561805838585334079798074568712924583230797734656856475,01,4103,1
foundry,uniswap-v2,62514009886607029107290561805838585334079798074568712924583230797734656856475,02,104,1
echidna,uniswap-v2,62514009886607029107290561805838585334079798074568712924583230797734656856475,02,86400,124
echidna,uniswap-v2,62514009886607029107290561805838585334079798074568712924583230797734656856475,03,169,1
foundry,uniswap-v2,62514009886607029107290561805838585334079798074568712924583230797734656856475,03,24,1
echidna,uniswap-v2,62514009886607029107290561805838585334079798074568712924583230797734656856475,04,86400,1
foundry,uniswap-v2,62514009886607029107290561805838585334079798074568712924583230797734656856475,04,2687,1
echidna,uniswap-v2,62514009886607029107290561805838585334079798074568712924583230797734656856475,05,86401,124
foundry,uniswap-v2,62514009886607029107290561805838585334079798074568712924583230797734656856475,05,3649,1
foundry,uniswap-v2,62514009886607029107290561805838585334079798074568712924583230797734656856475,06,20,1
echidna,uniswap-v2,62514009886607029107290561805838585334079798074568712924583230797734656856475,06,160,1
echidna,uniswap-v2,62514009886607029107290561805838585334079798074568712924583230797734656856475,07,264,1
foundry,uniswap-v2,62514009886607029107290561805838585334079798074568712924583230797734656856475,07,27,1
echidna,uniswap-v2,62514009886607029107290561805838585334079798074568712924583230797734656856475,08,192,1
foundry,uniswap-v2,62514009886607029107290561805838585334079798074568712924583230797734656856475,08,23,1
foundry,uniswap-v2,62514009886607029107290561805838585334079798074568712924583230797734656856475,09,21,1
echidna,uniswap-v2,62514009886607029107290561805838585334079798074568712924583230797734656856475,09,770,1
echidna,uniswap-v2,62514009886607029107290561805838585334079798074568712924583230797734656856475,10,86400,124
foundry,uniswap-v2,62514009886607029107290561805838585334079798074568712924583230797734656856475,10,6734,1
echidna,uniswap-v2,62514009886607029107290561805838585334079798074568712924583230797734656856475,11,95,1
foundry,uniswap-v2,62514009886607029107290561805838585334079798074568712924583230797734656856475,11,8,1
echidna,uniswap-v2,62514009886607029107290561805838585334079798074568712924583230797734656856475,12,86400,124
foundry,uniswap-v2,62514009886607029107290561805838585334079798074568712924583230797734656856475,12,3260,1
foundry,uniswap-v2,63806209331542711802848847270949280092855778197726125910674179583545433573378,01,22,1
echidna,uniswap-v2,63806209331542711802848847270949280092855778197726125910674179583545433573378,01,113,1
echidna,uniswap-v2,63806209331542711802848847270949280092855778197726125910674179583545433573378,02,125,1
foundry,uniswap-v2,63806209331542711802848847270949280092855778197726125910674179583545433573378,02,99,1
foundry,uniswap-v2,63806209331542711802848847270949280092855778197726125910674179583545433573378,03,9,1
echidna,uniswap-v2,63806209331542711802848847270949280092855778197726125910674179583545433573378,03,129,1
foundry,uniswap-v2,63806209331542711802848847270949280092855778197726125910674179583545433573378,04,25392,1
echidna,uniswap-v2,63806209331542711802848847270949280092855778197726125910674179583545433573378,04,126,1
foundry,uniswap-v2,63806209331542711802848847270949280092855778197726125910674179583545433573378,05,24890,1
echidna,uniswap-v2,63806209331542711802848847270949280092855778197726125910674179583545433573378,05,126,1
echidna,uniswap-v2,63806209331542711802848847270949280092855778197726125910674179583545433573378,06,119,1
foundry,uniswap-v2,63806209331542711802848847270949280092855778197726125910674179583545433573378,06,6,1
foundry,uniswap-v2,63806209331542711802848847270949280092855778197726125910674179583545433573378,07,7,1
echidna,uniswap-v2,63806209331542711802848847270949280092855778197726125910674179583545433573378,07,120,1
echidna,uniswap-v2,63806209331542711802848847270949280092855778197726125910674179583545433573378,08,115,1
foundry,uniswap-v2,63806209331542711802848847270949280092855778197726125910674179583545433573378,08,8,1
foundry,uniswap-v2,63806209331542711802848847270949280092855778197726125910674179583545433573378,09,7,1
echidna,uniswap-v2,63806209331542711802848847270949280092855778197726125910674179583545433573378,09,103,1
foundry,uniswap-v2,63806209331542711802848847270949280092855778197726125910674179583545433573378,10,5969,1
echidna,uniswap-v2,63806209331542711802848847270949280092855778197726125910674179583545433573378,10,30399,1
echidna,uniswap-v2,63806209331542711802848847270949280092855778197726125910674179583545433573378,11,88,1
foundry,uniswap-v2,63806209331542711802848847270949280092855778197726125910674179583545433573378,11,6,1
echidna,uniswap-v2,63806209331542711802848847270949280092855778197726125910674179583545433573378,12,86401,124
foundry,uniswap-v2,63806209331542711802848847270949280092855778197726125910674179583545433573378,12,1589,1
foundry,uniswap-v2,660301456019777184113296434797620819555017468543624515662331739614079884729,01,11,1
echidna,uniswap-v2,660301456019777184113296434797620819555017468543624515662331739614079884729,01,154,1
echidna,uniswap-v2,660301456019777184113296434797620819555017468543624515662331739614079884729,02,139,1
foundry,uniswap-v2,660301456019777184113296434797620819555017468543624515662331739614079884729,02,21465,1
echidna,uniswap-v2,660301456019777184113296434797620819555017468543624515662331739614079884729,03,145,1
foundry,uniswap-v2,660301456019777184113296434797620819555017468543624515662331739614079884729,03,8,1
foundry,uniswap-v2,660301456019777184113296434797620819555017468543624515662331739614079884729,04,4783,1
echidna,uniswap-v2,660301456019777184113296434797620819555017468543624515662331739614079884729,04,139,1
echidna,uniswap-v2,660301456019777184113296434797620819555017468543624515662331739614079884729,05,139,1
foundry,uniswap-v2,660301456019777184113296434797620819555017468543624515662331739614079884729,05,1449,1
echidna,uniswap-v2,660301456019777184113296434797620819555017468543624515662331739614079884729,06,132,1
foundry,uniswap-v2,660301456019777184113296434797620819555017468543624515662331739614079884729,06,8,1
foundry,uniswap-v2,660301456019777184113296434797620819555017468543624515662331739614079884729,07,11,1
echidna,uniswap-v2,660301456019777184113296434797620819555017468543624515662331739614079884729,07,129,1
echidna,uniswap-v2,660301456019777184113296434797620819555017468543624515662331739614079884729,08,123,1
foundry,uniswap-v2,660301456019777184113296434797620819555017468543624515662331739614079884729,08,10,1
foundry,uniswap-v2,660301456019777184113296434797620819555017468543624515662331739614079884729,09,13,1
echidna,uniswap-v2,660301456019777184113296434797620819555017468543624515662331739614079884729,09,121,1
echidna,uniswap-v2,660301456019777184113296434797620819555017468543624515662331739614079884729,10,118,1
foundry,uniswap-v2,660301456019777184113296434797620819555017468543624515662331739614079884729,10,933,1
echidna,uniswap-v2,660301456019777184113296434797620819555017468543624515662331739614079884729,11,113,1
foundry,uniswap-v2,660301456019777184113296434797620819555017468543624515662331739614079884729,11,8,1
echidna,uniswap-v2,660301456019777184113296434797620819555017468543624515662331739614079884729,12,15300,1
foundry,uniswap-v2,660301456019777184113296434797620819555017468543624515662331739614079884729,12,5660,1
foundry,uniswap-v2,67072331549493647622825787457569556318728415786901242217649037894484240406165,01,7,1
echidna,uniswap-v2,67072331549493647622825787457569556318728415786901242217649037894484240406165,01,119,1
foundry,uniswap-v2,67072331549493647622825787457569556318728415786901242217649037894484240406165,02,9944,1
echidna,uniswap-v2,67072331549493647622825787457569556318728415786901242217649037894484240406165,02,114,1
foundry,uniswap-v2,67072331549493647622825787457569556318728415786901242217649037894484240406165,03,8,1
echidna,uniswap-v2,67072331549493647622825787457569556318728415786901242217649037894484240406165,03,116,1
echidna,uniswap-v2,67072331549493647622825787457569556318728415786901242217649037894484240406165,04,112,1
foundry,uniswap-v2,67072331549493647622825787457569556318728415786901242217649037894484240406165,04,1837,1
foundry,uniswap-v2,67072331549493647622825787457569556318728415786901242217649037894484240406165,05,1408,1
echidna,uniswap-v2,67072331549493647622825787457569556318728415786901242217649037894484240406165,05,112,1
foundry,uniswap-v2,67072331549493647622825787457569556318728415786901242217649037894484240406165,06,8,1
echidna,uniswap-v2,67072331549493647622825787457569556318728415786901242217649037894484240406165,06,106,1
echidna,uniswap-v2,67072331549493647622825787457569556318728415786901242217649037894484240406165,07,108,1
foundry,uniswap-v2,67072331549493647622825787457569556318728415786901242217649037894484240406165,07,8,1
echidna,uniswap-v2,67072331549493647622825787457569556318728415786901242217649037894484240406165,08,101,1
foundry,uniswap-v2,67072331549493647622825787457569556318728415786901242217649037894484240406165,08,8,1
foundry,uniswap-v2,67072331549493647622825787457569556318728415786901242217649037894484240406165,09,7,1
echidna,uniswap-v2,67072331549493647622825787457569556318728415786901242217649037894484240406165,09,98,1
foundry,uniswap-v2,67072331549493647622825787457569556318728415786901242217649037894484240406165,10,474,1
echidna,uniswap-v2,67072331549493647622825787457569556318728415786901242217649037894484240406165,10,96,1
echidna,uniswap-v2,67072331549493647622825787457569556318728415786901242217649037894484240406165,11,93,1
foundry,uniswap-v2,67072331549493647622825787457569556318728415786901242217649037894484240406165,11,10,1
foundry,uniswap-v2,67072331549493647622825787457569556318728415786901242217649037894484240406165,12,20754,1
echidna,uniswap-v2,67072331549493647622825787457569556318728415786901242217649037894484240406165,12,5347,1
foundry,uniswap-v2,75276140696391174450305814049576319106646922510300487059720162673006384432776,01,23,1
echidna,uniswap-v2,75276140696391174450305814049576319106646922510300487059720162673006384432776,01,1005,1
foundry,uniswap-v2,75276140696391174450305814049576319106646922510300487059720162673006384432776,02,854,1
echidna,uniswap-v2,75276140696391174450305814049576319106646922510300487059720162673006384432776,02,86400,124
echidna,uniswap-v2,75276140696391174450305814049576319106646922510300487059720162673006384432776,03,219,1
foundry,uniswap-v2,75276140696391174450305814049576319106646922510300487059720162673006384432776,03,21,1
foundry,uniswap-v2,75276140696391174450305814049576319106646922510300487059720162673006384432776,04,3621,1
echidna,uniswap-v2,75276140696391174450305814049576319106646922510300487059720162673006384432776,04,86401,1
echidna,uniswap-v2,75276140696391174450305814049576319106646922510300487059720162673006384432776,05,86401,124
foundry,uniswap-v2,75276140696391174450305814049576319106646922510300487059720162673006384432776,05,11056,1
echidna,uniswap-v2,75276140696391174450305814049576319106646922510300487059720162673006384432776,06,94,1
foundry,uniswap-v2,75276140696391174450305814049576319106646922510300487059720162673006384432776,06,6,1
echidna,uniswap-v2,75276140696391174450305814049576319106646922510300487059720162673006384432776,07,98,1
foundry,uniswap-v2,75276140696391174450305814049576319106646922510300487059720162673006384432776,07,7,1
foundry,uniswap-v2,75276140696391174450305814049576319106646922510300487059720162673006384432776,08,7,1
echidna,uniswap-v2,75276140696391174450305814049576319106646922510300487059720162673006384432776,08,95,1
foundry,uniswap-v2,75276140696391174450305814049576319106646922510300487059720162673006384432776,09,7,1
echidna,uniswap-v2,75276140696391174450305814049576319106646922510300487059720162673006384432776,09,90,1
foundry,uniswap-v2,75276140696391174450305814049576319106646922510300487059720162673006384432776,10,12008,1
echidna,uniswap-v2,75276140696391174450305814049576319106646922510300487059720162673006384432776,10,86401,124
foundry,uniswap-v2,75276140696391174450305814049576319106646922510300487059720162673006384432776,11,7,1
echidna,uniswap-v2,75276140696391174450305814049576319106646922510300487059720162673006384432776,11,91,1
echidna,uniswap-v2,75276140696391174450305814049576319106646922510300487059720162673006384432776,12,86401,124
foundry,uniswap-v2,75276140696391174450305814049576319106646922510300487059720162673006384432776,12,33,1
foundry,uniswap-v2,80084422859880547211683076133703299733277748156566366325829078699459944778998,01,20,1
echidna,uniswap-v2,80084422859880547211683076133703299733277748156566366325829078699459944778998,01,1308,1
echidna,uniswap-v2,80084422859880547211683076133703299733277748156566366325829078699459944778998,02,86400,1
foundry,uniswap-v2,80084422859880547211683076133703299733277748156566366325829078699459944778998,02,17876,1
echidna,uniswap-v2,80084422859880547211683076133703299733277748156566366325829078699459944778998,03,212,1
foundry,uniswap-v2,80084422859880547211683076133703299733277748156566366325829078699459944778998,03,22,1
echidna,uniswap-v2,80084422859880547211683076133703299733277748156566366325829078699459944778998,04,7016,1
foundry,uniswap-v2,80084422859880547211683076133703299733277748156566366325829078699459944778998,04,2009,1
foundry,uniswap-v2,80084422859880547211683076133703299733277748156566366325829078699459944778998,05,3964,1
echidna,uniswap-v2,80084422859880547211683076133703299733277748156566366325829078699459944778998,05,15712,1
foundry,uniswap-v2,80084422859880547211683076133703299733277748156566366325829078699459944778998,06,7,1
echidna,uniswap-v2,80084422859880547211683076133703299733277748156566366325829078699459944778998,06,117,1
foundry,uniswap-v2,80084422859880547211683076133703299733277748156566366325829078699459944778998,07,8,1
echidna,uniswap-v2,80084422859880547211683076133703299733277748156566366325829078699459944778998,07,120,1
echidna,uniswap-v2,80084422859880547211683076133703299733277748156566366325829078699459944778998,08,120,1
foundry,uniswap-v2,80084422859880547211683076133703299733277748156566366325829078699459944778998,08,7,1
foundry,uniswap-v2,80084422859880547211683076133703299733277748156566366325829078699459944778998,09,9,1
echidna,uniswap-v2,80084422859880547211683076133703299733277748156566366325829078699459944778998,09,114,1
foundry,uniswap-v2,80084422859880547211683076133703299733277748156566366325829078699459944778998,10,3355,1
echidna,uniswap-v2,80084422859880547211683076133703299733277748156566366325829078699459944778998,10,86400,124
foundry,uniswap-v2,80084422859880547211683076133703299733277748156566366325829078699459944778998,11,6,1
echidna,uniswap-v2,80084422859880547211683076133703299733277748156566366325829078699459944778998,11,102,1
echidna,uniswap-v2,80084422859880547211683076133703299733277748156566366325829078699459944778998,12,86401,124
foundry,uniswap-v2,80084422859880547211683076133703299733277748156566366325829078699459944778998,12,211,1
echidna,uniswap-v2,80167465652159884487584418398737133515478493586045375474096367959472086682926,01,924,1
foundry,uniswap-v2,80167465652159884487584418398737133515478493586045375474096367959472086682926,01,22,1
echidna,uniswap-v2,80167465652159884487584418398737133515478493586045375474096367959472086682926,02,86400,124
foundry,uniswap-v2,80167465652159884487584418398737133515478493586045375474096367959472086682926,02,11343,1
foundry,uniswap-v2,80167465652159884487584418398737133515478493586045375474096367959472086682926,03,22,1
echidna,uniswap-v2,80167465652159884487584418398737133515478493586045375474096367959472086682926,03,146,1
foundry,uniswap-v2,80167465652159884487584418398737133515478493586045375474096367959472086682926,04,26706,0
echidna,uniswap-v2,80167465652159884487584418398737133515478493586045375474096367959472086682926,04,86400,124
foundry,uniswap-v2,80167465652159884487584418398737133515478493586045375474096367959472086682926,05,3729,1
echidna,uniswap-v2,80167465652159884487584418398737133515478493586045375474096367959472086682926,05,117,1
foundry,uniswap-v2,80167465652159884487584418398737133515478493586045375474096367959472086682926,06,6,1
echidna,uniswap-v2,80167465652159884487584418398737133515478493586045375474096367959472086682926,06,111,1
echidna,uniswap-v2,80167465652159884487584418398737133515478493586045375474096367959472086682926,07,114,1
foundry,uniswap-v2,80167465652159884487584418398737133515478493586045375474096367959472086682926,07,7,1
foundry,uniswap-v2,80167465652159884487584418398737133515478493586045375474096367959472086682926,08,7,1
echidna,uniswap-v2,80167465652159884487584418398737133515478493586045375474096367959472086682926,08,112,1
foundry,uniswap-v2,80167465652159884487584418398737133515478493586045375474096367959472086682926,09,7,1
echidna,uniswap-v2,80167465652159884487584418398737133515478493586045375474096367959472086682926,09,103,1
foundry,uniswap-v2,80167465652159884487584418398737133515478493586045375474096367959472086682926,10,3012,1
echidna,uniswap-v2,80167465652159884487584418398737133515478493586045375474096367959472086682926,10,19459,1
echidna,uniswap-v2,80167465652159884487584418398737133515478493586045375474096367959472086682926,11,95,1
foundry,uniswap-v2,80167465652159884487584418398737133515478493586045375474096367959472086682926,11,7,1
echidna,uniswap-v2,80167465652159884487584418398737133515478493586045375474096367959472086682926,12,86401,124
foundry,uniswap-v2,80167465652159884487584418398737133515478493586045375474096367959472086682926,12,31513,1
foundry,uniswap-v2,84800337471693920904250232874319843718400766719524250287777680170677855896573,01,25,1
echidna,uniswap-v2,84800337471693920904250232874319843718400766719524250287777680170677855896573,01,473,1
foundry,uniswap-v2,84800337471693920904250232874319843718400766719524250287777680170677855896573,02,10863,1
echidna,uniswap-v2,84800337471693920904250232874319843718400766719524250287777680170677855896573,02,134,1
echidna,uniswap-v2,84800337471693920904250232874319843718400766719524250287777680170677855896573,03,146,1
foundry,uniswap-v2,84800337471693920904250232874319843718400766719524250287777680170677855896573,03,8,1
echidna,uniswap-v2,84800337471693920904250232874319843718400766719524250287777680170677855896573,04,140,1
foundry,uniswap-v2,84800337471693920904250232874319843718400766719524250287777680170677855896573,04,545,1
foundry,uniswap-v2,84800337471693920904250232874319843718400766719524250287777680170677855896573,05,24671,0
echidna,uniswap-v2,84800337471693920904250232874319843718400766719524250287777680170677855896573,05,142,1
echidna,uniswap-v2,84800337471693920904250232874319843718400766719524250287777680170677855896573,06,119,1
foundry,uniswap-v2,84800337471693920904250232874319843718400766719524250287777680170677855896573,06,7,1
foundry,uniswap-v2,84800337471693920904250232874319843718400766719524250287777680170677855896573,07,7,1
echidna,uniswap-v2,84800337471693920904250232874319843718400766719524250287777680170677855896573,07,133,1
foundry,uniswap-v2,84800337471693920904250232874319843718400766719524250287777680170677855896573,08,9,1
echidna,uniswap-v2,84800337471693920904250232874319843718400766719524250287777680170677855896573,08,125,1
echidna,uniswap-v2,84800337471693920904250232874319843718400766719524250287777680170677855896573,09,111,1
foundry,uniswap-v2,84800337471693920904250232874319843718400766719524250287777680170677855896573,09,6,1
echidna,uniswap-v2,84800337471693920904250232874319843718400766719524250287777680170677855896573,10,34212,1
foundry,uniswap-v2,84800337471693920904250232874319843718400766719524250287777680170677855896573,10,1266,1
foundry,uniswap-v2,84800337471693920904250232874319843718400766719524250287777680170677855896573,11,7,1
echidna,uniswap-v2,84800337471693920904250232874319843718400766719524250287777680170677855896573,11,103,1
foundry,uniswap-v2,84800337471693920904250232874319843718400766719524250287777680170677855896573,12,4683,1
echidna,uniswap-v2,84800337471693920904250232874319843718400766719524250287777680170677855896573,12,86401,124
foundry,uniswap-v2,84827061063453624289975705683721713058963870421084015214609271099009937454148,01,7,1
echidna,uniswap-v2,84827061063453624289975705683721713058963870421084015214609271099009937454148,01,151,1
echidna,uniswap-v2,84827061063453624289975705683721713058963870421084015214609271099009937454148,02,141,1
foundry,uniswap-v2,84827061063453624289975705683721713058963870421084015214609271099009937454148,02,86,1
foundry,uniswap-v2,84827061063453624289975705683721713058963870421084015214609271099009937454148,03,7,1
echidna,uniswap-v2,84827061063453624289975705683721713058963870421084015214609271099009937454148,03,146,1
foundry,uniswap-v2,84827061063453624289975705683721713058963870421084015214609271099009937454148,04,12466,1
echidna,uniswap-v2,84827061063453624289975705683721713058963870421084015214609271099009937454148,04,142,1
echidna,uniswap-v2,84827061063453624289975705683721713058963870421084015214609271099009937454148,05,144,1
foundry,uniswap-v2,84827061063453624289975705683721713058963870421084015214609271099009937454148,05,23442,1
echidna,uniswap-v2,84827061063453624289975705683721713058963870421084015214609271099009937454148,06,155,1
foundry,uniswap-v2,84827061063453624289975705683721713058963870421084015214609271099009937454148,06,8,1
echidna,uniswap-v2,84827061063453624289975705683721713058963870421084015214609271099009937454148,07,174,1
foundry,uniswap-v2,84827061063453624289975705683721713058963870421084015214609271099009937454148,07,7,1
echidna,uniswap-v2,84827061063453624289975705683721713058963870421084015214609271099009937454148,08,173,1
foundry,uniswap-v2,84827061063453624289975705683721713058963870421084015214609271099009937454148,08,8,1
echidna,uniswap-v2,84827061063453624289975705683721713058963870421084015214609271099009937454148,09,159,1
foundry,uniswap-v2,84827061063453624289975705683721713058963870421084015214609271099009937454148,09,10,1
echidna,uniswap-v2,84827061063453624289975705683721713058963870421084015214609271099009937454148,10,6204,1
foundry,uniswap-v2,84827061063453624289975705683721713058963870421084015214609271099009937454148,10,11760,1
echidna,uniswap-v2,84827061063453624289975705683721713058963870421084015214609271099009937454148,11,138,1
foundry,uniswap-v2,84827061063453624289975705683721713058963870421084015214609271099009937454148,11,8,1
foundry,uniswap-v2,84827061063453624289975705683721713058963870421084015214609271099009937454148,12,271,1
echidna,uniswap-v2,84827061063453624289975705683721713058963870421084015214609271099009937454148,12,16437,1
foundry,uniswap-v2,87903029871075914254377627908054574944891091886930582284385770809450030037083,01,25,1
echidna,uniswap-v2,87903029871075914254377627908054574944891091886930582284385770809450030037083,01,2574,1
echidna,uniswap-v2,87903029871075914254377627908054574944891091886930582284385770809450030037083,02,117,1
foundry,uniswap-v2,87903029871075914254377627908054574944891091886930582284385770809450030037083,02,398,1
foundry,uniswap-v2,87903029871075914254377627908054574944891091886930582284385770809450030037083,03,7,1
echidna,uniswap-v2,87903029871075914254377627908054574944891091886930582284385770809450030037083,03,121,1
foundry,uniswap-v2,87903029871075914254377627908054574944891091886930582284385770809450030037083,04,10299,1
echidna,uniswap-v2,87903029871075914254377627908054574944891091886930582284385770809450030037083,04,115,1
foundry,uniswap-v2,87903029871075914254377627908054574944891091886930582284385770809450030037083,05,1030,1
echidna,uniswap-v2,87903029871075914254377627908054574944891091886930582284385770809450030037083,05,111,1
echidna,uniswap-v2,87903029871075914254377627908054574944891091886930582284385770809450030037083,06,102,1
foundry,uniswap-v2,87903029871075914254377627908054574944891091886930582284385770809450030037083,06,6,1
echidna,uniswap-v2,87903029871075914254377627908054574944891091886930582284385770809450030037083,07,108,1
foundry,uniswap-v2,87903029871075914254377627908054574944891091886930582284385770809450030037083,07,6,1
echidna,uniswap-v2,87903029871075914254377627908054574944891091886930582284385770809450030037083,08,103,1
foundry,uniswap-v2,87903029871075914254377627908054574944891091886930582284385770809450030037083,08,7,1
echidna,uniswap-v2,87903029871075914254377627908054574944891091886930582284385770809450030037083,09,98,1
foundry,uniswap-v2,87903029871075914254377627908054574944891091886930582284385770809450030037083,09,8,1
echidna,uniswap-v2,87903029871075914254377627908054574944891091886930582284385770809450030037083,10,40557,1
foundry,uniswap-v2,87903029871075914254377627908054574944891091886930582284385770809450030037083,10,14701,1
foundry,uniswap-v2,87903029871075914254377627908054574944891091886930582284385770809450030037083,11,7,1
echidna,uniswap-v2,87903029871075914254377627908054574944891091886930582284385770809450030037083,11,87,1
foundry,uniswap-v2,87903029871075914254377627908054574944891091886930582284385770809450030037083,12,295,1
echidna,uniswap-v2,87903029871075914254377627908054574944891091886930582284385770809450030037083,12,86401,124
foundry,uniswap-v2,89622809563556123081897041840816014639138942293158154584485133346364573191189,01,22,1
echidna,uniswap-v2,89622809563556123081897041840816014639138942293158154584485133346364573191189,01,190,1
foundry,uniswap-v2,89622809563556123081897041840816014639138942293158154584485133346364573191189,02,7555,1
echidna,uniswap-v2,89622809563556123081897041840816014639138942293158154584485133346364573191189,02,86401,124
foundry,uniswap-v2,89622809563556123081897041840816014639138942293158154584485133346364573191189,03,19,1
echidna,uniswap-v2,89622809563556123081897041840816014639138942293158154584485133346364573191189,03,266,1
echidna,uniswap-v2,89622809563556123081897041840816014639138942293158154584485133346364573191189,04,86401,124
foundry,uniswap-v2,89622809563556123081897041840816014639138942293158154584485133346364573191189,04,4163,1
echidna,uniswap-v2,89622809563556123081897041840816014639138942293158154584485133346364573191189,05,86401,1
foundry,uniswap-v2,89622809563556123081897041840816014639138942293158154584485133346364573191189,05,1354,1
foundry,uniswap-v2,89622809563556123081897041840816014639138942293158154584485133346364573191189,06,6,1
echidna,uniswap-v2,89622809563556123081897041840816014639138942293158154584485133346364573191189,06,118,1
foundry,uniswap-v2,89622809563556123081897041840816014639138942293158154584485133346364573191189,07,9,1
echidna,uniswap-v2,89622809563556123081897041840816014639138942293158154584485133346364573191189,07,122,1
foundry,uniswap-v2,89622809563556123081897041840816014639138942293158154584485133346364573191189,08,6,1
echidna,uniswap-v2,89622809563556123081897041840816014639138942293158154584485133346364573191189,08,122,1
echidna,uniswap-v2,89622809563556123081897041840816014639138942293158154584485133346364573191189,09,115,1
foundry,uniswap-v2,89622809563556123081897041840816014639138942293158154584485133346364573191189,09,7,1
foundry,uniswap-v2,89622809563556123081897041840816014639138942293158154584485133346364573191189,10,2152,1
echidna,uniswap-v2,89622809563556123081897041840816014639138942293158154584485133346364573191189,10,86401,124
echidna,uniswap-v2,89622809563556123081897041840816014639138942293158154584485133346364573191189,11,109,1
foundry,uniswap-v2,89622809563556123081897041840816014639138942293158154584485133346364573191189,11,9,1
foundry,uniswap-v2,89622809563556123081897041840816014639138942293158154584485133346364573191189,12,2748,1
echidna,uniswap-v2,89622809563556123081897041840816014639138942293158154584485133346364573191189,12,86400,124
echidna,uniswap-v2,89717814153306320011181716697424560163256864414616650038987186496166826726056,01,99,1
foundry,uniswap-v2,89717814153306320011181716697424560163256864414616650038987186496166826726056,01,23,1
foundry,uniswap-v2,89717814153306320011181716697424560163256864414616650038987186496166826726056,02,33,1
echidna,uniswap-v2,89717814153306320011181716697424560163256864414616650038987186496166826726056,02,123,1
echidna,uniswap-v2,89717814153306320011181716697424560163256864414616650038987186496166826726056,03,124,1
foundry,uniswap-v2,89717814153306320011181716697424560163256864414616650038987186496166826726056,03,7,1
foundry,uniswap-v2,89717814153306320011181716697424560163256864414616650038987186496166826726056,04,218,1
echidna,uniswap-v2,89717814153306320011181716697424560163256864414616650038987186496166826726056,04,120,1
echidna,uniswap-v2,89717814153306320011181716697424560163256864414616650038987186496166826726056,05,123,1
foundry,uniswap-v2,89717814153306320011181716697424560163256864414616650038987186496166826726056,05,6444,1
echidna,uniswap-v2,89717814153306320011181716697424560163256864414616650038987186496166826726056,06,119,1
foundry,uniswap-v2,89717814153306320011181716697424560163256864414616650038987186496166826726056,06,6,1
foundry,uniswap-v2,89717814153306320011181716697424560163256864414616650038987186496166826726056,07,7,1
echidna,uniswap-v2,89717814153306320011181716697424560163256864414616650038987186496166826726056,07,118,1
echidna,uniswap-v2,89717814153306320011181716697424560163256864414616650038987186496166826726056,08,110,1
foundry,uniswap-v2,89717814153306320011181716697424560163256864414616650038987186496166826726056,08,8,1
echidna,uniswap-v2,89717814153306320011181716697424560163256864414616650038987186496166826726056,09,106,1
foundry,uniswap-v2,89717814153306320011181716697424560163256864414616650038987186496166826726056,09,7,1
echidna,uniswap-v2,89717814153306320011181716697424560163256864414616650038987186496166826726056,10,108,1
foundry,uniswap-v2,89717814153306320011181716697424560163256864414616650038987186496166826726056,10,123,1
foundry,uniswap-v2,89717814153306320011181716697424560163256864414616650038987186496166826726056,11,7,1
echidna,uniswap-v2,89717814153306320011181716697424560163256864414616650038987186496166826726056,11,103,1
foundry,uniswap-v2,89717814153306320011181716697424560163256864414616650038987186496166826726056,12,22,1
echidna,uniswap-v2,89717814153306320011181716697424560163256864414616650038987186496166826726056,12,81972,1
echidna,uniswap-v2,9223372036854775807,01,67,1
foundry,uniswap-v2,9223372036854775807,01,22,1
echidna,uniswap-v2,9223372036854775807,02,109,1
foundry,uniswap-v2,9223372036854775807,02,2192,1
echidna,uniswap-v2,9223372036854775807,03,113,1
foundry,uniswap-v2,9223372036854775807,03,6,1
foundry,uniswap-v2,9223372036854775807,04,13031,1
echidna,uniswap-v2,9223372036854775807,04,110,1
echidna,uniswap-v2,9223372036854775807,05,118,1
foundry,uniswap-v2,9223372036854775807,05,9669,1
echidna,uniswap-v2,9223372036854775807,06,103,1
foundry,uniswap-v2,9223372036854775807,06,6,1
foundry,uniswap-v2,9223372036854775807,07,6,1
echidna,uniswap-v2,9223372036854775807,07,107,1
echidna,uniswap-v2,9223372036854775807,08,101,1
foundry,uniswap-v2,9223372036854775807,08,6,1
foundry,uniswap-v2,9223372036854775807,09,7,1
echidna,uniswap-v2,9223372036854775807,09,95,1
echidna,uniswap-v2,9223372036854775807,10,40636,1
foundry,uniswap-v2,9223372036854775807,10,18940,1
foundry,uniswap-v2,9223372036854775807,11,8,1
echidna,uniswap-v2,9223372036854775807,11,82,1
echidna,uniswap-v2,9223372036854775807,12,86400,124
foundry,uniswap-v2,9223372036854775807,12,4167,1
foundry,uniswap-v2,93369884277498597659590946175997448338802118867485977633968544981113634346220,01,21,1
echidna,uniswap-v2,93369884277498597659590946175997448338802118867485977633968544981113634346220,01,149,1
foundry,uniswap-v2,93369884277498597659590946175997448338802118867485977633968544981113634346220,02,13972,1
echidna,uniswap-v2,93369884277498597659590946175997448338802118867485977633968544981113634346220,02,134,1
foundry,uniswap-v2,93369884277498597659590946175997448338802118867485977633968544981113634346220,03,6,1
echidna,uniswap-v2,93369884277498597659590946175997448338802118867485977633968544981113634346220,03,138,1
foundry,uniswap-v2,93369884277498597659590946175997448338802118867485977633968544981113634346220,04,26987,0
echidna,uniswap-v2,93369884277498597659590946175997448338802118867485977633968544981113634346220,04,135,1
echidna,uniswap-v2,93369884277498597659590946175997448338802118867485977633968544981113634346220,05,130,1
foundry,uniswap-v2,93369884277498597659590946175997448338802118867485977633968544981113634346220,05,9274,1
echidna,uniswap-v2,93369884277498597659590946175997448338802118867485977633968544981113634346220,06,107,1
foundry,uniswap-v2,93369884277498597659590946175997448338802118867485977633968544981113634346220,06,7,1
foundry,uniswap-v2,93369884277498597659590946175997448338802118867485977633968544981113634346220,07,7,1
echidna,uniswap-v2,93369884277498597659590946175997448338802118867485977633968544981113634346220,07,119,1
foundry,uniswap-v2,93369884277498597659590946175997448338802118867485977633968544981113634346220,08,8,1
echidna,uniswap-v2,93369884277498597659590946175997448338802118867485977633968544981113634346220,08,537,1
echidna,uniswap-v2,93369884277498597659590946175997448338802118867485977633968544981113634346220,09,108,1
foundry,uniswap-v2,93369884277498597659590946175997448338802118867485977633968544981113634346220,09,7,1
foundry,uniswap-v2,93369884277498597659590946175997448338802118867485977633968544981113634346220,10,16028,1
echidna,uniswap-v2,93369884277498597659590946175997448338802118867485977633968544981113634346220,10,8006,1
echidna,uniswap-v2,93369884277498597659590946175997448338802118867485977633968544981113634346220,11,83,1
foundry,uniswap-v2,93369884277498597659590946175997448338802118867485977633968544981113634346220,11,6,1
foundry,uniswap-v2,93369884277498597659590946175997448338802118867485977633968544981113634346220,12,3634,1
echidna,uniswap-v2,93369884277498597659590946175997448338802118867485977633968544981113634346220,12,2346,1
echidna,uniswap-v2,97569884605916225051403212656556507955018248777258318895762758024193532305077,01,322,1
foundry,uniswap-v2,97569884605916225051403212656556507955018248777258318895762758024193532305077,01,21,1
echidna,uniswap-v2,97569884605916225051403212656556507955018248777258318895762758024193532305077,02,86401,124
foundry,uniswap-v2,97569884605916225051403212656556507955018248777258318895762758024193532305077,02,125,1
echidna,uniswap-v2,97569884605916225051403212656556507955018248777258318895762758024193532305077,03,304,1
foundry,uniswap-v2,97569884605916225051403212656556507955018248777258318895762758024193532305077,03,21,1
echidna,uniswap-v2,97569884605916225051403212656556507955018248777258318895762758024193532305077,04,86401,124
foundry,uniswap-v2,97569884605916225051403212656556507955018248777258318895762758024193532305077,04,10048,1
echidna,uniswap-v2,97569884605916225051403212656556507955018248777258318895762758024193532305077,05,86401,1
foundry,uniswap-v2,97569884605916225051403212656556507955018248777258318895762758024193532305077,05,739,1
foundry,uniswap-v2,97569884605916225051403212656556507955018248777258318895762758024193532305077,06,7,1
echidna,uniswap-v2,97569884605916225051403212656556507955018248777258318895762758024193532305077,06,140,1
foundry,uniswap-v2,97569884605916225051403212656556507955018248777258318895762758024193532305077,07,11,1
echidna,uniswap-v2,97569884605916225051403212656556507955018248777258318895762758024193532305077,07,210,1
foundry,uniswap-v2,97569884605916225051403212656556507955018248777258318895762758024193532305077,08,9,1
echidna,uniswap-v2,97569884605916225051403212656556507955018248777258318895762758024193532305077,08,123,1
foundry,uniswap-v2,97569884605916225051403212656556507955018248777258318895762758024193532305077,09,8,1
echidna,uniswap-v2,97569884605916225051403212656556507955018248777258318895762758024193532305077,09,335,1
echidna,uniswap-v2,97569884605916225051403212656556507955018248777258318895762758024193532305077,10,86401,124
foundry,uniswap-v2,97569884605916225051403212656556507955018248777258318895762758024193532305077,10,5360,1
foundry,uniswap-v2,97569884605916225051403212656556507955018248777258318895762758024193532305077,11,8,1
echidna,uniswap-v2,97569884605916225051403212656556507955018248777258318895762758024193532305077,11,102,1
echidna,uniswap-v2,97569884605916225051403212656556507955018248777258318895762758024193532305077,12,86401,124
foundry,uniswap-v2,97569884605916225051403212656556507955018248777258318895762758024193532305077,12,164,1
echidna,uniswap-v2,97789825912453899259273410636466998099043528421815129078110847000656284369545,01,965,1
foundry,uniswap-v2,97789825912453899259273410636466998099043528421815129078110847000656284369545,01,21,1
echidna,uniswap-v2,97789825912453899259273410636466998099043528421815129078110847000656284369545,02,86400,1
foundry,uniswap-v2,97789825912453899259273410636466998099043528421815129078110847000656284369545,02,417,1
echidna,uniswap-v2,97789825912453899259273410636466998099043528421815129078110847000656284369545,03,386,1
foundry,uniswap-v2,97789825912453899259273410636466998099043528421815129078110847000656284369545,03,36,1
echidna,uniswap-v2,97789825912453899259273410636466998099043528421815129078110847000656284369545,04,59856,1
foundry,uniswap-v2,97789825912453899259273410636466998099043528421815129078110847000656284369545,04,673,1
echidna,uniswap-v2,97789825912453899259273410636466998099043528421815129078110847000656284369545,05,8137,1
foundry,uniswap-v2,97789825912453899259273410636466998099043528421815129078110847000656284369545,05,6841,1
echidna,uniswap-v2,97789825912453899259273410636466998099043528421815129078110847000656284369545,06,111,1
foundry,uniswap-v2,97789825912453899259273410636466998099043528421815129078110847000656284369545,06,8,1
foundry,uniswap-v2,97789825912453899259273410636466998099043528421815129078110847000656284369545,07,9,1
echidna,uniswap-v2,97789825912453899259273410636466998099043528421815129078110847000656284369545,07,116,1
echidna,uniswap-v2,97789825912453899259273410636466998099043528421815129078110847000656284369545,08,109,1
foundry,uniswap-v2,97789825912453899259273410636466998099043528421815129078110847000656284369545,08,8,1
foundry,uniswap-v2,97789825912453899259273410636466998099043528421815129078110847000656284369545,09,10,1
echidna,uniswap-v2,97789825912453899259273410636466998099043528421815129078110847000656284369545,09,1480,1
echidna,uniswap-v2,97789825912453899259273410636466998099043528421815129078110847000656284369545,10,86400,124
foundry,uniswap-v2,97789825912453899259273410636466998099043528421815129078110847000656284369545,10,2016,1
echidna,uniswap-v2,97789825912453899259273410636466998099043528421815129078110847000656284369545,11,93,1
foundry,uniswap-v2,97789825912453899259273410636466998099043528421815129078110847000656284369545,11,9,1
echidna,uniswap-v2,97789825912453899259273410636466998099043528421815129078110847000656284369545,12,86400,124
foundry,uniswap-v2,97789825912453899259273410636466998099043528421815129078110847000656284369545,12,22,1
